,buyamt,buyavgrt,buyqty,closerate,costvalue,df_amount,df_qty,fmc_310118,isin,ltpl,ltpl_ntax,ltpl_tax,mktrate,mtmvalue,opamt,opqty,sellamt,sellavgrt,sellqty,share,stock,stpl,sttax
0,0.0,0.0,0,0.0,0.0,0,0,651.55,INE767A01016,-30425.86,0,-30425.86,0.0,0.0,323563.9500000001,705,277161.6,393.137021,705,[524348] AARTIDR,0,-15976.49,0
1,0.0,0.0,0,0.0,0.0,0,0,1665.0,INE117A01022,0.0,0,0.0,0.0,0.0,69790.51,26,98386.34,3784.09,26,[500002] ABB,0,28595.83,0
2,0.0,0.0,0,0.0,0.0,0,0,1460.8,INE031B01049,0.0,0,0.0,0.0,0.0,33772.8,25,31002.25,1240.09,25,[532331] AJANTPH,0,-2770.55,0
3,69607.89,4971.992143,14,0.0,0.0,0,0,1173.85,INE437A01024,0.0,0,0.0,0.0,0.0,0.0,0,73359.86,5239.99,14,[508869] APOLLOH,0,3751.97,0
4,52971.28,6621.41,8,0.0,0.0,0,0,2822.45,INE100A01010,0.0,0,0.0,0.0,0.0,0.0,0,52976.32,6622.04,8,[500027] ATULLTD,0,5.04,0
5,323545.43,24888.11,13,0.0,0.0,0,0,5650.0,INE358A01014,0.0,0,0.0,0.0,0.0,0.0,0,324611.52,24970.116923,13,[500488] ABBOT,0,1066.09,0
6,0.0,0.0,0,0.0,0.0,0,0,64.25,INE601B01023,0.0,0,0.0,0.0,0.0,-53343.12,-1128,0.0,0.0,0,[519216] AJANTSO,-1128,0.0,0
7,201631.96,1996.35604,101,0.0,0.0,0,0,814.0,INE006I01046,0.0,0,0.0,0.0,0.0,0.0,0,201298.74,1993.056832,101,[532830] ASTRAL,0,-333.22,0
8,414030.6,390.594906,1060,0.0,0.0,0,0,38.25,INE814H01011,0.0,0,0.0,0.0,0.0,0.0,0,589349.9,555.990472,1060,[533096] ADANIPO,0,175319.3,0
9,72939.2,3646.96,20,0.0,0.0,0,0,2229.95,INE540L01014,0.0,0,0.0,0.0,0.0,0.0,0,79187.55,3959.3775,20,[539523] ALKEM,0,6248.35,0
10,0.0,0.0,0,0.0,0.0,0,0,1210.0,INE192R01011,0.0,0,0.0,0.0,0.0,51903.04,14,48872.66,3490.904286,14,[540376] DMART,0,-3030.38,0
11,265162.21,724.486913,366,0.0,0.0,0,0,676.0,INE949L01017,0.0,0,0.0,0.0,0.0,0.0,0,265180.54,724.536995,366,[540611] AUBANK,0,18.33,0
12,52720.8,659.01,80,0.0,0.0,0,0,0.0,INE399L01023,0.0,0,0.0,0.0,0.0,0.0,0,47625.7,595.32125,80,[542066] ATGL,0,-5095.1,0
13,171005.0,342.01,500,342.01,171005.0,0,0,0.0,INE0MGM01017,0.0,0,0.0,0.0,-342010.0,0.0,0,0.0,0.0,0,ANNAPURNA SWADIS,500,0.0,0
14,0.0,0.0,0,0.0,0.0,0,0,2815.0,INE118A01012,0.0,0,0.0,0.0,0.0,33174.95,5,35066.3,7013.26,5,[500490] BAJAJHO,0,1891.35,0
15,706971.75,7441.807895,95,0.0,0.0,0,0,1690.0,INE296A01024,8244.92,0,8244.92,0.0,0.0,42012.22,7,704990.88,6911.675294,102,[500034] BAJFINA,0,-52238.01,0
16,588332.3,237.230766,2480,246.16,455396.0,0,0,161.8,INE028A01039,0.0,0,0.0,264.05,66193.0,128830.2,790,277207.1,195.216268,1420,[532134] BANKBAR,1850,15440.6,0
17,310773.62,835.412957,372,0.0,0.0,0,0,446.0,INE397D01024,0.0,0,0.0,0.0,0.0,23770.6,35,358294.53,880.330541,407,[532454] BHARTIA,0,23750.31,0
18,222382.61,2316.485521,96,2271.8,154482.33,0,0,1184.5,INE787D01026,0.0,0,0.0,2317.35,6194.94,0.0,0,63087.92,2253.14,28,[502355] BALKRIS,68,-4812.36,0
19,258623.07,4171.339839,62,3054.51,360431.63,0,0,1382.45,INE464A01028,62750.55,0,62750.55,6415.5,793194.74,174528.51,96,135470.5,3386.7625,40,[503960] BBL,118,0.0,0
20,0.0,0.0,0,0.0,0.0,0,0,154.25,INE842D01029,0.0,0,0.0,0.0,0.0,39442.48,38,45406.8,119.491579,380,[531862] BHARATA,-342,-34901.26,0
21,0.0,0.0,0,0.0,0.0,0,0,4863.45,INE918I01026,0.0,0,0.0,0.0,0.0,11474.12,7,48981.36,1440.628235,34,[532978] BAJAJFI,-27,-1469.09,0
22,0.0,0.0,0,0.0,0.0,0,0,122.0,INE676A01027,0.0,0,0.0,0.0,0.0,-64284.08,-392,0.0,0.0,0,[500463] BBOX,-392,0.0,0
23,521209.78,160.125892,3255,0.0,0.0,0,0,0.0,INE011E01029,0.0,0,0.0,0.0,0.0,0.0,0,616717.45,189.467727,3255,[531112] BALU FO,0,95507.67,0
24,67615.38,656.46,103,0.0,0.0,0,0,452.6,INE477A01020,0.0,0,0.0,0.0,0.0,0.0,0,74430.32,722.624466,103,[511196] CANFINH,0,6814.94,0
25,0.0,0.0,0,0.0,0.0,0,0,608.5,INE059A01026,0.0,0,0.0,0.0,0.0,10152.09,9,8320.86,924.54,9,[500087] CIPLA,0,-1831.23,0
26,133232.79,2081.762344,64,0.0,0.0,0,0,1142.0,INE259A01022,0.0,0,0.0,0.0,0.0,0.0,0,132479.36,2069.99,64,[500830] COLPAL,0,-753.43,0
27,175611.95,798.236136,220,0.0,0.0,0,0,296.5,INE675C01017,0.0,0,0.0,0.0,0.0,18256.05,30,215964.15,863.8566,250,[534758] CIGNITI,0,22096.15,0
28,584160.25,393.373906,1485,450.78,450780.4,0,0,304.55,INE522F01014,0.0,0,0.0,434.1,-33360.8,0.0,0,138220.15,284.99,485,[533278] COALIND,1000,4840.3,0
29,225602.5,1367.287879,165,0.0,0.0,0,0,546.5,INE704P01017,0.0,0,0.0,0.0,0.0,0.0,0,287210.2,870.333939,330,[540678] COCHINS,-165,-81987.35,0
30,594624.37,84.619947,7027,80.49,675971.78,0,0,34.0,INE552D01024,46464.25,0,46464.25,84.05,59760.24,148428.41,2596,113545.25,92.69,1225,[526829] CONFIPE,8398,0.0,0
31,81604.0,204.01,400,0.0,0.0,0,0,0.0,INE016Q01014,0.0,0,0.0,0.0,0.0,0.0,0,113596.0,283.99,400,[538734] CEINSYS,0,31992.0,0
32,1318922.0,599.51,2200,599.51,1318922.0,0,0,404.7,INE501A01019,-2126.88,0,-2126.88,504.1,-419804.0,198737.66,326,178332.09,547.030951,326,[500645] DEEPAKF,2200,-18278.69,0
33,1009685.61,5904.594211,171,6073.78,467681.37,0,0,2306.15,INE089A01023,0.0,0,0.0,6157.85,12946.16,22497.8,5,564731.81,5704.361717,99,[500124] DRREDDY,77,229.77,0
34,62821.5,418.81,150,0.0,0.0,0,0,257.6,INE271C01023,0.0,0,0.0,0.0,0.0,0.0,0,64476.0,429.84,150,[532868] DLF,0,1654.5,0
35,154101.2,2201.445714,70,2201.45,154101.2,0,0,919.0,INE600L01024,0.0,0,0.0,2262.85,8596.6,0.0,0,0.0,0.0,0,[539524] LALPATH,70,0.0,0
36,270895.9,6772.3975,40,0.0,0.0,0,0,3835.0,INE935N01020,0.0,0,0.0,0.0,0.0,0.0,0,284658.45,7116.46125,40,[540699] DIXON,0,13762.55,0
37,245392.2,148.722545,1650,149.03,214905.67,0,0,0.0,INE0I3401014,0.0,0,0.0,115.25,-97430.34,0.0,0,35294.72,169.686154,208,[543593] DHAMPUR,1442,4808.19,0
38,41623.99,945.999773,44,0.0,0.0,0,0,0.0,INE753U01022,0.0,0,0.0,0.0,0.0,0.0,0,32142.71,730.516136,44,[543812] DIVGI T,0,-9481.28,0
39,202800.6,3380.01,60,0.0,0.0,0,0,842.0,INE042A01014,0.0,0,0.0,0.0,0.0,0.0,0,187877.0,3131.283333,60,[500495] ESCORTS,0,-14923.6,0
40,0.0,0.0,0,0.0,0.0,0,0,0.0,INE07O001026,0.0,0,0.0,0.0,0.0,-7600.35,-115,32975.1,47.79,690,[543272] EASEMYT,-805,0.0,0
41,412244.15,140.457973,2935,0.0,0.0,0,0,101.9,INE171A01029,0.0,0,0.0,0.0,0.0,48787.43,358,480546.97,145.929842,3293,[500469] FEDERAL,0,19515.39,0
42,0.0,0.0,0,0.0,0.0,0,0,218.75,INE816B01035,0.0,0,0.0,0.0,0.0,-22025.86,-499,0.0,0.0,0,[526227] FILATEX,-499,0.0,0
43,0.0,0.0,0,0.0,0.0,0,0,0.0,INE388Y01029,0.0,0,0.0,0.0,0.0,11210.24,64,43340.56,125.99,344,[543384] NYKAA,-280,-3146.88,0
44,70408.8,111.76,630,0.0,0.0,0,0,483.7,INE129A01019,0.0,0,0.0,0.0,0.0,0.0,0,75403.57,105.755358,713,[532155] GAIL,-83,-3765.05,0
45,216832.2,1111.96,195,0.0,0.0,0,0,1071.95,INE102D01028,0.0,0,0.0,0.0,0.0,0.0,0,225606.2,1156.954872,195,[532424] GODREJC,0,8774.0,0
46,295870.37,1946.515592,152,0.0,0.0,0,0,1167.95,INE047A01021,0.0,0,0.0,0.0,0.0,0.0,0,307270.98,2021.519605,152,[500300] GRASIM,0,11400.61,0
47,92902.43,171.091031,543,0.0,0.0,0,0,87.75,INE388A01029,0.0,0,0.0,0.0,0.0,0.0,0,83427.27,153.641381,543,[500153] GANESHB,0,-9475.16,0
48,463248.15,434.974789,1065,0.0,0.0,0,0,628.0,INE077F01035,41760.94,0,41760.94,0.0,0.0,203895.21,606,782645.44,468.369503,1671,[506480] GOCLCOR,0,73741.14,0
49,142158.9,364.51,390,364.51,142158.9,0,0,767.4,INE481Y01014,0.0,0,0.0,329.75,-27112.8,0.0,0,0.0,0.0,0,[540755] GICRE,390,0.0,0
50,996299.85,79.48144,12535,79.72,988984.26,0,0,0.0,INE390G01014,0.0,0,0.0,156.1,1895184.68,-6577.71,-129,0.0,0.0,0,[533761] GPT INF,12406,-737.88,0
51,0.0,0.0,0,0.0,0.0,0,0,0.0,INE474Q01031,0.0,0,0.0,0.0,0.0,34397.39,79,40991.06,518.874177,79,[543654] GLOBAL,0,6593.67,0
52,0.0,0.0,0,0.0,0.0,0,0,0.0,,0.0,0,0.0,0.0,0.0,0.0,0,689.98,344.99,2,,-2,0.0,0
53,257059.8,1428.11,180,0.0,0.0,0,0,540.0,INE176B01034,0.0,0,0.0,0.0,0.0,0.0,0,236800.4,1315.557778,180,[517354] HAVELLS,0,-20259.4,0
54,0.0,0.0,0,0.0,0.0,0,0,1017.9,INE860A01027,0.0,0,0.0,0.0,0.0,79899.2,75,78175.5,1042.34,75,[532281] HCLTECH,0,-1723.7,0
55,211641.4,2821.885333,75,2555.22,396058.45,0,0,1963.05,INE001A01036,1254.76,0,1254.76,2724.35,52431.6,333972.3200000001,137,152987.43,2683.99,57,[500010] HDFC,155,2177.4,0
56,475525.26,1692.260712,281,0.0,0.0,0,0,2013.5,INE040A01034,0.0,0,0.0,0.0,0.0,51520.32,32,922281.67,1609.566614,573,[500180] HDFCBAN,-260,-22061.31,0
57,129872.6,499.51,260,0.0,0.0,0,0,263.2,INE038A01020,0.0,0,0.0,0.0,0.0,0.0,0,123237.4,473.99,260,[500440] HINDALC,0,-6635.2,0
58,131684.15,1463.157222,90,0.0,0.0,0,0,1620.0,INE782E01017,0.0,0,0.0,0.0,0.0,0.0,0,124824.05,1386.933889,90,[524669] HESTERB,0,-6860.1,0
59,0.0,0.0,0,0.0,0.0,0,0,939.0,INE170I01016,0.0,0,0.0,0.0,0.0,122000.99,94,133281.01,1417.883085,94,[532859] HGS,0,11280.02,0
60,900034.47,79.11,11377,0.0,0.0,0,0,82.65,INE031A01017,0.0,0,0.0,0.0,0.0,0.0,0,964989.28,84.819309,11377,[540530] HUDCO,0,64954.81,0
61,73439.85,638.607391,115,0.0,0.0,0,0,432.9,INE795G01014,0.0,0,0.0,0.0,0.0,33515.03,68,114972.97,628.267596,183,[540777] HDFCLIF,0,8018.09,0
62,128646.0,857.64,150,857.64,128646.0,0,0,0.0,INE926X01010,0.0,0,0.0,908.9,15378.0,0.0,0,0.0,0.0,0,[541019] H.G.INF,150,0.0,0
63,70370.31,2270.01,31,0.0,0.0,0,0,0.0,INE127D01025,0.0,0,0.0,0.0,0.0,0.0,0,73936.24,2385.04,31,[541729] HDFCAMC,0,3565.93,0
64,190260.52,3658.856154,52,0.0,0.0,0,0,0.0,INE066F01012,0.0,0,0.0,0.0,0.0,0.0,0,254692.06,3032.048333,84,[541154] HAL,-32,-31480.84,0
65,0.0,0.0,0,0.0,0.0,0,0,0.0,INE694N01015,0.0,0,0.0,0.0,0.0,51992.03,93,31067.47,334.058817,93,[543266] HERANBA,0,-20924.56,0
66,0.0,0.0,0,0.0,0.0,0,0,208.0,INE461D01028,0.0,0,0.0,0.0,0.0,-32226.07,-48,0.0,0.0,0,[522215] HLEGLAS,-48,0.0,0
67,728331.08,1007.373555,723,1014.74,451558.55,0,0,353.95,INE090A01021,0.0,0,0.0,1093.65,70231.4,43820.06,46,305413.76,942.635062,324,[532174] ICICIBA,445,-15178.83,0
68,62583.3,481.41,130,0.0,0.0,0,0,310.0,INE203G01027,0.0,0,0.0,0.0,0.0,0.0,0,64499.6,496.150769,130,[532514] IGL,0,1916.3,0
69,197437.14,387.89222,509,0.0,0.0,0,0,145.6,INE053A01029,0.0,0,0.0,0.0,0.0,0.0,0,209342.56,411.282043,509,[500850] INDHOTE,0,11905.42,0
70,165175.72,1353.899344,122,0.0,0.0,0,0,1761.0,INE095A01012,0.0,0,0.0,0.0,0.0,84329.91,71,272900.07,1413.99,193,[532187] INDUSIN,0,23394.44,0
71,55510.51,478.538879,116,0.0,0.0,0,0,728.0,INE204A01010,0.0,0,0.0,0.0,0.0,0.0,0,52894.84,455.99,116,[500199] IGPETRO,0,-2615.67,0
72,166381.3,4159.5325,40,0.0,0.0,0,0,588.5,INE570A01014,0.0,0,0.0,0.0,0.0,0.0,0,208489.3,521.22325,400,[500214] IONEXCH,-360,-146003.65,0
73,81619.3,1020.24125,80,0.0,0.0,0,0,117.0,INE068L01016,0.0,0,0.0,0.0,0.0,0.0,0,102501.8,256.2545,400,[533267] CANTABI,-320,-61116.1,0
74,49120.4,1228.01,40,0.0,0.0,0,0,1166.6,INE009A01021,0.0,0,0.0,0.0,0.0,0.0,0,53769.6,1344.24,40,[500209] INFY,0,4649.2,0
75,201626.72,76.460645,2637,0.0,0.0,0,0,57.6,INE092T01019,0.0,0,0.0,0.0,0.0,86855.67,1487,316141.91,76.659047,4124,[539437] IDFCFIR,0,27659.52,0
76,149034.48,3104.885,48,0.0,0.0,0,0,0.0,INE933S01016,0.0,0,0.0,0.0,0.0,0.0,0,151199.52,3149.99,48,[542726] INDIAMA,0,2165.04,0
77,216750.3,760.527368,285,0.0,0.0,0,0,0.0,INE335Y01020,0.0,0,0.0,0.0,0.0,0.0,0,248710.65,872.668947,285,[542830] IRCTC,0,31960.35,0
78,133010.47,2830.01,47,0.0,0.0,0,0,311.05,INE572A01028,0.0,0,0.0,0.0,0.0,0.0,0,141654.66,1506.964468,94,[506943] JBCHEM,-47,-62151.24,0
79,271192.19,755.41,359,0.0,0.0,0,0,274.0,INE749A01030,0.0,0,0.0,0.0,0.0,0.0,0,272118.41,757.99,359,[532286] JINDALS,0,926.22,0
80,71024.92,772.01,92,0.0,0.0,0,0,294.0,INE019A01038,0.0,0,0.0,0.0,0.0,0.0,0,73971.68,804.04,92,[500228] JSWSTEE,0,2946.76,0
81,40995.98,286.685175,143,0.0,0.0,0,0,335.25,INE576I01022,0.0,0,0.0,0.0,0.0,0.0,0,53241.32,372.316923,143,[532940] JKIL,0,12245.34,0
82,83113.42,220.46,377,0.0,0.0,0,0,0.0,INE391J01024,0.0,0,0.0,0.0,0.0,0.0,0,66259.58,175.754854,377,[534600] JTL INF,0,-16853.84,0
83,0.0,0.0,0,0.0,0.0,0,0,0.0,,0.0,0,0.0,0.0,0.0,0.0,0,34718.6,247.99,140,,-140,0.0,0
84,207464.8,545.96,380,0.0,0.0,0,0,220.2,INE836A01035,0.0,0,0.0,0.0,0.0,112334.04,324,293773.26,417.291563,704,[532400] BSOFT,0,-26025.58,0
85,159004.0,397.51,400,0.0,0.0,0,0,625.0,INE001B01026,0.0,0,0.0,0.0,0.0,0.0,0,180135.65,450.339125,400,[530813] KRBL,0,21131.65,0
86,533977.55,635.68756,840,813.75,292136.64,0,0,0.0,INE542W01017,0.0,0,0.0,1522.95,509204.82,22465.31,51,536894.43,1009.200056,532,[542323] KPIGREE,359,272588.21,0
87,0.0,0.0,0,0.0,0.0,0,0,0.0,INE127T01021,0.0,0,0.0,0.0,0.0,40170.08,123,46157.74,187.633089,246,[539686] K.P. EN,-123,-17090.06,0
88,278406.4,435.01,640,0.0,0.0,0,0,540.1,INE115A01026,0.0,0,0.0,0.0,0.0,0.0,0,270073.6,421.99,640,[500253] LICHSGF,0,-8332.8,0
89,450009.0,1000.02,450,0.0,0.0,0,0,1000.01,INF732E01037,0.0,0,0.0,0.0,0.0,0.0,0,449991.0,999.98,450,[590096] LIQUIDB,0,-18.0,0
90,70783.8,2359.46,30,0.0,0.0,0,0,1439.7,INE018A01030,0.0,0,0.0,0.0,0.0,0.0,0,74306.7,2476.89,30,[500510] LT,0,3522.9,0
91,264221.84,464.361757,569,0.0,0.0,0,0,624.5,INE059D01020,18555.28,0,18555.28,0.0,0.0,245884.02,692,484279.84,384.044282,1261,[526947] LAOPALA,0,-44381.3,0
92,0.0,0.0,0,0.0,0.0,0,0,1371.55,INE214T01019,0.0,0,0.0,0.0,0.0,78331.08,18,102835.57,5713.087222,18,[540005] LTIM,0,24504.49,0
93,127500.3,4250.01,30,0.0,0.0,0,0,1289.0,INE010V01017,0.0,0,0.0,0.0,0.0,0.0,0,130799.7,4359.99,30,[540115] LTTS,0,3299.4,0
94,317084.04,610.951908,519,0.0,0.0,0,0,0.0,INE0J1Y01017,0.0,0,0.0,0.0,0.0,182361.82,302,614195.99,748.107174,821,[543526] LICI,0,114750.13,0
95,0.0,0.0,0,0.0,0.0,0,0,0.0,INE060901027,0.0,0,0.0,0.0,0.0,-27731.76,-119,0.0,0.0,0,[543240] LIKHITH,-119,0.0,0
96,0.0,0.0,0,0.0,0.0,0,0,0.0,INE359U01028,0.0,0,0.0,0.0,0.0,-22492.14,-106,0.0,0.0,0,[539841] LANCER,-106,0.0,0
97,557124.33,1698.549787,328,0.0,0.0,0,0,771.15,INE101A01026,0.0,0,0.0,0.0,0.0,0.0,0,578275.42,1763.034817,328,[500520] M&M,0,21151.09,0
98,69737.43,840.21,83,0.0,0.0,0,0,773.3,INE331A01037,0.0,0,0.0,0.0,0.0,0.0,0,75529.17,909.99,83,[500260] RAMCOCE,0,5791.74,0
99,154011.85,496.812419,310,496.81,154011.85,0,0,315.35,INE196A01026,0.0,0,0.0,497.2,240.3,0.0,0,0.0,0.0,0,[531642] MARICO,310,0.0,0
100,130862.68,10066.36,13,0.0,0.0,0,0,9585.0,INE585B01010,0.0,0,0.0,0.0,0.0,0.0,0,137149.87,10549.99,13,[532500] MARUTI,0,6287.19,0
101,0.0,0.0,0,0.0,0.0,0,0,19664.95,INE323A01026,0.0,0,0.0,0.0,0.0,18273.61,1,19420.19,19420.19,1,[500530] BOSCHLT,0,1146.58,0
102,265919.06,2769.990208,96,0.0,0.0,0,0,912.0,INE356A01018,0.0,0,0.0,0.0,0.0,0.0,0,251725.19,2622.137396,96,[526299] MPHASIS,0,-14193.87,0
103,0.0,0.0,0,0.0,0.0,0,0,178.25,INE625G01013,0.0,0,0.0,0.0,0.0,120758.58,798,135638.57,169.973145,798,[532553] WELENT,0,14879.99,0
104,0.0,0.0,0,0.0,0.0,0,0,324.0,INE270B01035,0.0,0,0.0,0.0,0.0,-34314.72,-528,0.0,0.0,0,[500264] MAFATIN,-528,0.0,0
105,62930.0,125.86,500,0.0,0.0,0,0,114.85,INE522D01027,0.0,0,0.0,0.0,0.0,16915.56,146,87987.34,136.203313,646,[531213] MANAPPU,0,8141.78,0
106,0.0,0.0,0,0.0,0.0,0,0,1293.0,INE338I01027,0.0,0,0.0,0.0,0.0,82755.67,122,71612.78,586.99,122,[532892] MOTILAL,0,-11142.89,0
107,0.0,0.0,0,0.0,0.0,0,0,435.5,INE742F01042,0.0,0,0.0,0.0,0.0,45945.76,56,38628.24,689.79,56,[532921] ADANIPO,0,-7317.52,0
108,282066.97,556.345108,507,0.0,0.0,0,0,0.0,INE027H01010,0.0,0,0.0,0.0,0.0,0.0,0,304194.93,599.99,507,[543220] MAXHEAL,0,22127.96,0
109,0.0,0.0,0,0.0,0.0,0,0,934.95,INE866R01028,0.0,0,0.0,0.0,0.0,111303.76,136,72362.59,532.077868,136,[540704] MATRIMO,0,-38941.17,0
110,36068.3,189.833158,190,0.0,0.0,0,0,0.0,INE613C01018,0.0,0,0.0,0.0,0.0,0.0,0,50120.1,263.79,190,[538891] MAGELLA,0,14051.8,0
111,403721.01,65.274213,6185,0.0,0.0,0,0,0.0,INF769K01HF4,0.0,0,0.0,0.0,0.0,0.0,0,379612.39,61.376296,6185,[543291] MIRAE A,0,-24108.62,0
112,156257.6,976.61,160,0.0,0.0,0,0,2785.9,INE140A01024,0.0,0,0.0,0.0,0.0,0.0,0,174861.4,1092.88375,160,[500302] PEL,0,18603.8,0
113,292913.52,24409.46,12,0.0,0.0,0,0,7514.0,INE239A01016,0.0,0,0.0,0.0,0.0,60477.98,3,356124.14,3709.626458,96,[500790] NESTLEI,-81,-200456.3,0
114,0.0,0.0,0,0.0,0.0,0,0,226.5,INE926C01022,0.0,0,0.0,0.0,0.0,-48453.12,-288,0.0,0.0,0,[526159] NIKHILA,-288,0.0,0
115,145261.14,115.83823,1254,0.0,0.0,0,0,514.99,INF247L01AP3,0.0,0,0.0,0.0,0.0,0.0,0,150860.14,120.303142,1254,[533385] N100 MF,0,5599.0,0
116,67184.0,167.96,400,0.0,0.0,0,0,204.6,INE213A01029,0.0,0,0.0,0.0,0.0,0.0,0,66156.0,165.39,400,[500312] ONGC,0,-1028.0,0
117,431606.15,427.332822,1010,0.0,0.0,0,0,105.45,INE229A01017,0.0,0,0.0,0.0,0.0,15196.3,50,557186.5,525.647642,1060,[517536] ONWARD,0,110384.05,0
118,130622.1,622.01,210,0.0,0.0,0,0,0.0,INE982J01020,0.0,0,0.0,0.0,0.0,0.0,0,95957.4,456.94,210,[543396] PAYTM,0,-34664.7,0
119,0.0,0.0,0,0.0,0.0,0,0,259.45,INE347G01014,0.0,0,0.0,0.0,0.0,77137.34,329,75962.81,230.89,329,[532522] PETRONE,0,-1174.53,0
120,40387.25,230.784286,175,0.0,0.0,0,0,111.9,INE726V01018,0.0,0,0.0,0.0,0.0,0.0,0,38693.2,221.104,175,[540293] PRICOLL,0,-1694.05,0
121,263419.63,197.614126,1333,0.0,0.0,0,0,118.5,INE134E01011,0.0,0,0.0,0.0,0.0,0.0,0,340845.58,253.983294,1342,[532810] PFC,-9,75191.79,0
122,153529.94,38382.485,4,0.0,0.0,0,0,21838.6,INE761H01022,0.0,0,0.0,0.0,0.0,0.0,0,142339.96,35584.99,4,[532827] PAGEIND,0,-11189.98,0
123,677615.54,222.606945,3044,212.06,409275.8,0,0,195.3,INE752E01010,0.0,0,0.0,276.9,250282.4,0.0,0,280382.66,251.69,1114,[532898] POWERGR,1930,12042.92,0
124,268381.0,44.879766,5980,0.0,0.0,0,0,414.34,INF204KB16I7,0.0,0,0.0,0.0,0.0,0.0,0,297587.36,49.763773,5980,[590108] PSUBNKB,0,29206.36,0
125,207422.44,6100.66,34,0.0,0.0,0,0,799.8,INE262H01013,0.0,0,0.0,0.0,0.0,0.0,0,214677.36,6314.04,34,[533179] PERSIST,0,7254.92,0
126,130390.26,5015.01,26,0.0,0.0,0,0,0.0,INE455K01017,0.0,0,0.0,0.0,0.0,0.0,0,135199.74,5199.99,26,[542652] POLYCAB,0,4809.48,0
127,0.0,0.0,0,0.0,0.0,0,0,535.0,INE488V01015,0.0,0,0.0,0.0,0.0,121401.39,234,163583.51,699.074829,234,[540544] PSPPROJ,0,42182.12,0
128,0.0,0.0,0,0.0,0.0,0,0,330.0,INE111Q01021,0.0,0,0.0,0.0,0.0,-38657.49,-116,0.0,0.0,0,[538730] PDSL,-116,0.0,0
129,1008362.0,176.595797,5710,174.99,904676.6,0,0,0.0,,0.0,0,0.0,144.85,-311604.2,0.0,0,85887.65,159.051204,540,,5170,-17797.75,0
130,0.0,0.0,0,0.0,0.0,0,0,351.2,INE306L01010,0.0,0,0.0,0.0,0.0,143411.67,667,93129.68,139.624708,667,[539678] QUICKHE,0,-50281.99,0
131,653587.16,2769.437119,236,0.0,0.0,0,0,964.5,INE002A01018,0.0,0,0.0,0.0,0.0,99639.99,39,765967.85,2785.337636,275,[500325] RELIANC,0,12740.7,0
132,67516.48,1776.749474,38,0.0,0.0,0,0,558.5,INE385C01013,0.0,0,0.0,0.0,0.0,0.0,0,74856.2,196.99,380,[504614] SARDAEN,-342,-60030.86,0
133,0.0,0.0,0,0.0,0.0,0,0,219.4,INE283H01019,0.0,0,0.0,0.0,0.0,15897.63,83,27637.02,332.976145,83,[532699] ROHLTD,0,11739.39,0
134,0.0,0.0,0,0.0,0.0,0,0,325.0,INE722H01024,0.0,0,0.0,0.0,0.0,-60566.88,-452,0.0,0.0,0,[532923] RGL,-452,0.0,0
135,265521.04,142.44691,1864,0.0,0.0,0,0,157.55,INE020B01018,0.0,0,0.0,0.0,0.0,0.0,0,391424.81,209.991851,1864,[532955] RECLTD,0,125903.77,0
136,0.0,0.0,0,0.0,0.0,0,0,274.75,INE230R01035,0.0,0,0.0,0.0,0.0,-44441.52,-388,0.0,0.0,0,[539309] RAMASTE,-388,0.0,0
137,320891.65,583.439364,550,0.0,0.0,0,0,0.0,INE549S01010,0.0,0,0.0,0.0,0.0,0.0,0,268450.2,97.618255,2750,[539561] REMEDIU,-2200,-267078.75,0
138,0.0,0.0,0,0.0,0.0,0,0,226.55,INE667G01023,0.0,0,0.0,0.0,0.0,-43796.17,-423,0.0,0.0,0,[590051] SAKSOFT,-423,0.0,0
139,0.0,0.0,0,0.0,0.0,0,0,732.0,INE979A01025,0.0,0,0.0,0.0,0.0,-55315.21,-144,0.0,0.0,0,[532163] SAREGAM,-144,0.0,0
140,0.0,0.0,0,0.0,0.0,0,0,1439.45,INE035D01020,0.0,0,0.0,0.0,0.0,-48390.39,-136,0.0,0.0,0,[524667] SOTL,-136,0.0,0
141,556901.67,607.308255,917,0.0,0.0,0,0,316.6,INE062A01020,0.0,0,0.0,0.0,0.0,0.0,0,604117.33,658.797525,917,[500112] SBIN,0,47215.66,0
142,270977.5,286.748677,945,0.0,0.0,0,0,346.45,INE205A01025,0.0,0,0.0,0.0,0.0,0.0,0,241187.6,255.224974,945,[500295] VEDL,0,-29789.9,0
143,222624.08,27828.01,8,0.0,0.0,0,0,17522.15,INE070A01015,0.0,0,0.0,0.0,0.0,26783.01,1,252892.51,28099.167778,9,[500387] SHREECE,0,3485.42,0
144,216615.48,4087.084528,53,0.0,0.0,0,0,1331.3,INE003A01024,0.0,0,0.0,0.0,0.0,0.0,0,217448.72,4102.806038,53,[500550] SIEMENS,0,833.24,0
145,271387.9,2584.646667,105,2584.65,271387.9,0,0,1827.95,INE647A01010,0.0,0,0.0,2560.2,-5133.8,0.0,0,0.0,0.0,0,[503806] SRF,105,0.0,0
146,588111.55,1928.23459,305,1987.83,397565.1,0,0,1405.0,INE721A01013,0.0,0,0.0,2359.8,148789.8,0.0,0,214151.4,2039.537143,105,[511218] SHRIRAM,200,23604.95,0
147,151178.19,821.620598,184,821.62,151178.19,0,0,785.0,INE939A01011,0.0,0,0.0,784.6,-13623.58,0.0,0,0.0,0.0,0,[532531] STAR,184,0.0,0
148,151334.08,1022.527568,148,1022.53,151334.08,0,0,536.7,INE387A01021,0.0,0,0.0,1093.55,21022.64,0.0,0,0.0,0.0,0,[500403] SUNDRMF,148,0.0,0
149,0.0,0.0,0,0.0,0.0,0,0,377.0,INE663A01033,0.0,0,0.0,0.0,0.0,-14557.6,-40,0.0,0.0,0,[500405] SUPREME,-40,0.0,0
150,0.0,0.0,0,0.0,0.0,0,0,33.75,INE503B01021,0.0,0,0.0,0.0,0.0,-83635.38,-4122,0.0,0.0,0,[534748] STEELXI,-4122,0.0,0
151,206035.26,632.01,326,0.0,0.0,0,0,1030.0,INE424H01027,0.0,0,0.0,0.0,0.0,0.0,0,206060.74,632.08816,326,[532733] SUNTV,0,25.48,0
152,0.0,0.0,0,0.0,0.0,0,0,297.9,INE420C01059,0.0,0,0.0,0.0,0.0,-53255.08,-747,0.0,0.0,0,[532900] PAISALO,-747,0.0,0
153,243635.0,69.61,3500,0.0,0.0,0,0,34.6,INE002L01015,0.0,0,0.0,0.0,0.0,0.0,0,257565.0,73.59,3500,[533206] SJVN,0,13930.0,0
154,67780.95,677.8095,100,0.0,0.0,0,0,625.0,INE398R01022,0.0,0,0.0,0.0,0.0,0.0,0,70606.1,706.061,100,[539268] SYNGENE,0,2825.15,0
155,40205.35,187.001628,215,0.0,0.0,0,0,276.8,INE712K01011,0.0,0,0.0,0.0,0.0,0.0,0,34543.9,160.669302,215,[539334] SHREEPU,0,-5661.45,0
156,77089.6,128.482667,600,0.0,0.0,0,0,305.6,INE500L01026,0.0,0,0.0,0.0,0.0,0.0,0,103194.0,171.99,600,[539450] SHK,0,26104.4,0
157,136001.0,1360.01,100,0.0,0.0,0,0,681.5,INE123W01016,0.0,0,0.0,0.0,0.0,0.0,0,129399.0,1293.99,100,[540719] SBILIFE,0,-6602.0,0
158,135859.5,143.01,950,0.0,0.0,0,0,0.0,INE324X01018,0.0,0,0.0,0.0,0.0,0.0,0,153623.9,5.390312,28500,[543688] SARVESH,-27550,-130730.1,0
159,411405.5,748.01,550,0.0,0.0,0,0,0.0,INE018E01016,0.0,0,0.0,0.0,0.0,0.0,0,412294.8,749.626909,550,[543066] SBICARD,0,889.3,0
160,0.0,0.0,0,0.0,0.0,0,0,0.0,INE885H01011,0.0,0,0.0,0.0,0.0,124330.27,167,130474.63,781.28521,167,[539221] SPORTKI,0,6144.36,0
161,0.0,0.0,0,0.0,0.0,0,0,312.5,INE170V01027,0.0,0,0.0,0.0,0.0,-59371.98,-2232,0.0,0.0,0,[540642] SALASAR,-2232,0.0,0
162,0.0,0.0,0,0.0,0.0,0,0,0.0,INE526R01028,0.0,0,0.0,0.0,0.0,-33427.35,-675,0.0,0.0,0,[539017] STAR HO,-675,0.0,0
163,0.0,0.0,0,0.0,0.0,0,0,0.0,INE663A01033,0.0,0,0.0,0.0,0.0,-9020.37,-23,0.0,0.0,0,[500405] SUPREME,-23,0.0,0
164,272070.75,1265.445349,215,0.0,0.0,0,0,722.0,INE092A01019,0.0,0,0.0,0.0,0.0,0.0,0,236737.4,1101.104186,215,[500770] TATACHE,0,-35333.35,0
165,276852.0,230.71,1200,0.0,0.0,0,0,91.2,INE245A01021,0.0,0,0.0,0.0,0.0,0.0,0,444776.85,370.647375,1200,[500400] TATAPOW,0,167924.85,0
166,0.0,0.0,0,0.0,0.0,0,0,3150.0,INE467B01029,0.0,0,0.0,0.0,0.0,50008.65,15,49742.45,3316.163333,15,[532540] TCS,0,-266.2,0
167,133885.14,1424.31,94,0.0,0.0,0,0,712.0,INE494B01023,0.0,0,0.0,0.0,0.0,0.0,0,139119.06,1479.99,94,[532343] TVSMOTO,0,5233.92,0
168,152590.86,2724.836786,56,0.0,0.0,0,0,905.95,INE325A01013,0.0,0,0.0,0.0,0.0,0.0,0,143515.99,2562.785536,56,[522113] TATATIM,0,-9074.87,0
169,133456.05,1271.01,105,0.0,0.0,0,0,626.2,INE669C01036,0.0,0,0.0,0.0,0.0,0.0,0,137233.95,1306.99,105,[532755] TECHM,0,3777.9,0
170,0.0,0.0,0,0.0,0.0,0,0,193.9,INE419M01027,0.0,0,0.0,0.0,0.0,-30064.6,-280,0.0,0.0,0,[533553] TDPOWER,-280,0.0,0
171,0.0,0.0,0,0.0,0.0,0,0,0.0,INE413G01022,0.0,0,0.0,0.0,0.0,-28971.6,-840,0.0,0.0,0,TPL PLASTECH LIM,-840,0.0,0
172,0.0,0.0,0,0.0,0.0,0,0,137.0,INE692A01016,0.0,0,0.0,0.0,0.0,49178.47,647,45121.78,69.74,647,[532477] UNIONBA,0,-4056.69,0
173,0.0,0.0,0,0.0,0.0,0,0,777.0,INE628A01036,0.0,0,0.0,0.0,0.0,28748.45,40,27399.6,684.99,40,[512070] UPL,0,-1348.85,0
174,0.0,0.0,0,0.0,0.0,0,0,8.85,INE694A01020,0.0,0,0.0,0.0,0.0,86450.28,48477,57687.63,1.19,48477,[507878] UNITECH,0,-28762.65,0
175,0.0,0.0,0,0.0,0.0,0,0,596.0,INE238A01034,0.0,0,0.0,0.0,0.0,9575.06,11,10261.54,932.867273,11,[532215] AXISBAN,0,686.48,0
176,124344.0,51.81,2400,0.0,0.0,0,0,0.0,,0.0,0,0.0,0.0,0.0,0.0,0,149706.25,62.377604,2400,,0,25362.25,0
177,269023.61,1978.114779,136,0.0,0.0,0,0,625.0,INE151A01013,0.0,0,0.0,0.0,0.0,0.0,0,259537.44,1908.363529,136,[500483] TATACOM,0,-9486.17,0
178,0.0,0.0,0,0.0,0.0,0,0,1542.0,INE665J01013,0.0,0,0.0,0.0,0.0,0.0,0,45057.65,1802.306,25,[534976] VMART,-25,0.0,0
179,0.0,0.0,0,0.0,0.0,0,0,396.0,INE270I01022,0.0,0,0.0,0.0,0.0,-31931.84,-116,0.0,0.0,0,[516072] VISHNU,-116,0.0,0
180,53375.25,2135.01,25,2135.01,53375.25,0,0,1542.1,INE665J01013,0.0,0,0.0,0.0,-106750.5,0.0,0,0.0,0.0,0,V-MART RETAIL LI,25,0.0,0
181,56551.06,1570.862778,36,0.0,0.0,0,0,698.0,INE200M01013,0.0,0,0.0,0.0,0.0,0.0,0,59137.28,821.351111,72,[540180] VBL,-36,-27012.62,0
182,0.0,0.0,0,0.0,0.0,0,0,795.0,INE565V01010,0.0,0,0.0,0.0,0.0,119539.74,174,80394.51,462.037414,174,[540145] VALIANT,0,-39145.23,0
183,120531.22,399.11,302,0.0,0.0,0,0,308.95,INE075A01022,0.0,0,0.0,0.0,0.0,51201.28,128,182432.6,424.26186,430,[507685] WIPRO,0,10700.1,0
184,0.0,0.0,0,0.0,0.0,0,0,0.0,INE758T01015,0.0,0,0.0,0.0,0.0,95698.04,1719,87823.71,51.09,1719,[543320] ZOMATO,0,-7874.33,0
185,218794.9,683.734063,320,0.0,0.0,0,0,429.85,INE010B01027,0.0,0,0.0,0.0,0.0,78247.61,161,308974.94,642.359543,481,[532321] ZYDUSLI,0,11932.43,0
